Person ID,Source Station,Destination Station
1,Bangalore Cy Junction (SBC),Bangalore Cant (BNC)
2,Bangalore Cy Junction (SBC),Krishnarajapurm (KJM)
3,Bangalore Cy Junction (SBC),Whitefield (WFD)
4,Bangalore Cy Junction (SBC),Malur (MLO)
5,Bangalore Cy Junction (SBC),Bangarapet (BWT)
6,Bangalore Cy Junction (SBC),Kuppam (KPN)
7,Bangalore Cy Junction (SBC),Jolarpettai (JTJ)
8,Bangalore Cy Junction (SBC),Vaniyambadi (VN)
9,Bangalore Cy Junction (SBC),Ambur (AB)
10,Bangalore Cy Junction (SBC),Gudiyattam (GYM)
11,Bangalore Cy Junction (SBC),Katpadi Junction (KPD)
12,Bangalore Cy Junction (SBC),Mukundarayapurm (MCN)
13,Bangalore Cy Junction (SBC),Walajah Road Junction (WJR)
14,Bangalore Cy Junction (SBC),Sholinghur (SHU)
15,Bangalore Cy Junction (SBC),Arakkonam (AJJ)
16,Bangalore Cy Junction (SBC),Trivellore (TRL)
17,Bangalore Cy Junction (SBC),Perambur (PER)
18,Bangalore Cy Junction (SBC),Chennai Central (MAS)
19,Bangalore Cant (BNC),Krishnarajapurm (KJM)
20,Bangalore Cant (BNC),Whitefield (WFD)
21,Bangalore Cant (BNC),Malur (MLO)
22,Bangalore Cant (BNC),Bangarapet (BWT)
23,Bangalore Cant (BNC),Kuppam (KPN)
24,Bangalore Cant (BNC),Jolarpettai (JTJ)
25,Bangalore Cant (BNC),Vaniyambadi (VN)
26,Bangalore Cant (BNC),Ambur (AB)
27,Bangalore Cant (BNC),Gudiyattam (GYM)
28,Bangalore Cant (BNC),Katpadi Junction (KPD)
29,Bangalore Cant (BNC),Mukundarayapurm (MCN)
30,Bangalore Cant (BNC),Walajah Road Junction (WJR)
31,Bangalore Cant (BNC),Sholinghur (SHU)
32,Bangalore Cant (BNC),Arakkonam (AJJ)
33,Bangalore Cant (BNC),Trivellore (TRL)
34,Bangalore Cant (BNC),Perambur (PER)
35,Bangalore Cant (BNC),Chennai Central (MAS)
36,Krishnarajapurm (KJM),Whitefield (WFD)
37,Krishnarajapurm (KJM),Malur (MLO)
38,Krishnarajapurm (KJM),Bangarapet (BWT)
39,Krishnarajapurm (KJM),Kuppam (KPN)
40,Krishnarajapurm (KJM),Jolarpettai (JTJ)
41,Krishnarajapurm (KJM),Vaniyambadi (VN)
42,Krishnarajapurm (KJM),Ambur (AB)
43,Krishnarajapurm (KJM),Gudiyattam (GYM)
44,Krishnarajapurm (KJM),Katpadi Junction (KPD)
45,Krishnarajapurm (KJM),Mukundarayapurm (MCN)
46,Krishnarajapurm (KJM),Walajah Road Junction (WJR)
47,Krishnarajapurm (KJM),Sholinghur (SHU)
48,Krishnarajapurm (KJM),Arakkonam (AJJ)
49,Krishnarajapurm (KJM),Trivellore (TRL)
50,Krishnarajapurm (KJM),Perambur (PER)
51,Krishnarajapurm (KJM),Chennai Central (MAS)
52,Whitefield (WFD),Malur (MLO)
53,Whitefield (WFD),Bangarapet (BWT)
54,Whitefield (WFD),Kuppam (KPN)
55,Whitefield (WFD),Jolarpettai (JTJ)
56,Whitefield (WFD),Vaniyambadi (VN)
57,Whitefield (WFD),Ambur (AB)
58,Whitefield (WFD),Gudiyattam (GYM)
59,Whitefield (WFD),Katpadi Junction (KPD)
60,Whitefield (WFD),Mukundarayapurm (MCN)
61,Whitefield (WFD),Walajah Road Junction (WJR)
62,Whitefield (WFD),Sholinghur (SHU)
63,Whitefield (WFD),Arakkonam (AJJ)
64,Whitefield (WFD),Trivellore (TRL)
65,Whitefield (WFD),Perambur (PER)
66,Whitefield (WFD),Chennai Central (MAS)
67,Malur (MLO),Bangarapet (BWT)
68,Malur (MLO),Kuppam (KPN)
69,Malur (MLO),Jolarpettai (JTJ)
70,Malur (MLO),Vaniyambadi (VN)
71,Malur (MLO),Ambur (AB)
72,Malur (MLO),Gudiyattam (GYM)
73,Malur (MLO),Katpadi Junction (KPD)
74,Malur (MLO),Mukundarayapurm (MCN)
75,Malur (MLO),Walajah Road Junction (WJR)
76,Malur (MLO),Sholinghur (SHU)
77,Malur (MLO),Arakkonam (AJJ)
78,Malur (MLO),Trivellore (TRL)
79,Malur (MLO),Perambur (PER)
80,Malur (MLO),Chennai Central (MAS)
81,Bangarapet (BWT),Kuppam (KPN)
82,Bangarapet (BWT),Jolarpettai (JTJ)
83,Bangarapet (BWT),Vaniyambadi (VN)
84,Bangarapet (BWT),Ambur (AB)
85,Bangarapet (BWT),Gudiyattam (GYM)
86,Bangarapet (BWT),Katpadi Junction (KPD)
87,Bangarapet (BWT),Mukundarayapurm (MCN)
88,Bangarapet (BWT),Walajah Road Junction (WJR)
89,Bangarapet (BWT),Sholinghur (SHU)
90,Bangarapet (BWT),Arakkonam (AJJ)
91,Bangarapet (BWT),Trivellore (TRL)
92,Bangarapet (BWT),Perambur (PER)
93,Bangarapet (BWT),Chennai Central (MAS)
94,Kuppam (KPN),Jolarpettai (JTJ)
95,Kuppam (KPN),Vaniyambadi (VN)
96,Kuppam (KPN),Ambur (AB)
97,Kuppam (KPN),Gudiyattam (GYM)
98,Kuppam (KPN),Katpadi Junction (KPD)
99,Kuppam (KPN),Mukundarayapurm (MCN)
100,Kuppam (KPN),Walajah Road Junction (WJR)
101,Kuppam (KPN),Sholinghur (SHU)
102,Kuppam (KPN),Arakkonam (AJJ)
103,Kuppam (KPN),Trivellore (TRL)
104,Kuppam (KPN),Perambur (PER)
105,Kuppam (KPN),Chennai Central (MAS)
106,Jolarpettai (JTJ),Vaniyambadi (VN)
107,Jolarpettai (JTJ),Ambur (AB)
108,Jolarpettai (JTJ),Gudiyattam (GYM)
109,Jolarpettai (JTJ),Katpadi Junction (KPD)
110,Jolarpettai (JTJ),Mukundarayapurm (MCN)
111,Jolarpettai (JTJ),Walajah Road Junction (WJR)
112,Jolarpettai (JTJ),Sholinghur (SHU)
113,Jolarpettai (JTJ),Arakkonam (AJJ)
114,Jolarpettai (JTJ),Trivellore (TRL)
115,Jolarpettai (JTJ),Perambur (PER)
116,Jolarpettai (JTJ),Chennai Central (MAS)
117,Vaniyambadi (VN),Ambur (AB)
118,Vaniyambadi (VN),Gudiyattam (GYM)
119,Vaniyambadi (VN),Katpadi Junction (KPD)
120,Vaniyambadi (VN),Mukundarayapurm (MCN)
121,Vaniyambadi (VN),Walajah Road Junction (WJR)
122,Vaniyambadi (VN),Sholinghur (SHU)
123,Vaniyambadi (VN),Arakkonam (AJJ)
124,Vaniyambadi (VN),Trivellore (TRL)
125,Vaniyambadi (VN),Perambur (PER)
126,Vaniyambadi (VN),Chennai Central (MAS)
127,Ambur (AB),Gudiyattam (GYM)
128,Ambur (AB),Katpadi Junction (KPD)
129,Ambur (AB),Mukundarayapurm (MCN)
130,Ambur (AB),Walajah Road Junction (WJR)
131,Ambur (AB),Sholinghur (SHU)
132,Ambur (AB),Arakkonam (AJJ)
133,Ambur (AB),Trivellore (TRL)
134,Ambur (AB),Perambur (PER)
135,Ambur (AB),Chennai Central (MAS)
136,Gudiyattam (GYM),Katpadi Junction (KPD)
137,Gudiyattam (GYM),Mukundarayapurm (MCN)
138,Gudiyattam (GYM),Walajah Road Junction (WJR)
139,Gudiyattam (GYM),Sholinghur (SHU)
140,Gudiyattam (GYM),Arakkonam (AJJ)
141,Gudiyattam (GYM),Trivellore (TRL)
142,Gudiyattam (GYM),Perambur (PER)
143,Gudiyattam (GYM),Chennai Central (MAS)
144,Katpadi Junction (KPD),Mukundarayapurm (MCN)
145,Katpadi Junction (KPD),Walajah Road Junction (WJR)
146,Katpadi Junction (KPD),Sholinghur (SHU)
147,Katpadi Junction (KPD),Arakkonam (AJJ)
148,Katpadi Junction (KPD),Trivellore (TRL)
149,Katpadi Junction (KPD),Perambur (PER)
150,Katpadi Junction (KPD),Chennai Central (MAS)
151,Mukundarayapurm (MCN),Walajah Road Junction (WJR)
152,Mukundarayapurm (MCN),Sholinghur (SHU)
153,Mukundarayapurm (MCN),Arakkonam (AJJ)
154,Mukundarayapurm (MCN),Trivellore (TRL)
155,Mukundarayapurm (MCN),Perambur (PER)
156,Mukundarayapurm (MCN),Chennai Central (MAS)
157,Walajah Road Junction (WJR),Sholinghur (SHU)
158,Walajah Road Junction (WJR),Arakkonam (AJJ)
159,Walajah Road Junction (WJR),Trivellore (TRL)
160,Walajah Road Junction (WJR),Perambur (PER)
161,Walajah Road Junction (WJR),Chennai Central (MAS)
162,Sholinghur (SHU),Arakkonam (AJJ)
163,Sholinghur (SHU),Trivellore (TRL)
164,Sholinghur (SHU),Perambur (PER)
165,Sholinghur (SHU),Chennai Central (MAS)
166,Arakkonam (AJJ),Trivellore (TRL)
167,Arakkonam (AJJ),Perambur (PER)
168,Arakkonam (AJJ),Chennai Central (MAS)
169,Trivellore (TRL),Perambur (PER)
170,Trivellore (TRL),Chennai Central (MAS)
171,Bangalore Cant (BNC),Katpadi Junction (KPD)
172,Krishnarajapurm (KJM),Chennai Central (MAS)
173,Whitefield (WFD),Kuppam (KPN)
174,Malur (MLO),Jolarpettai (JTJ)
175,Bangarapet (BWT),Vaniyambadi (VN)
176,Kuppam (KPN),Ambur (AB)
177,Jolarpettai (JTJ),Gudiyattam (GYM)
178,Vaniyambadi (VN),Katpadi Junction (KPD)
179,Ambur (AB),Mukundarayapurm (MCN)
180,Gudiyattam (GYM),Walajah Road Junction (WJR)
181,Katpadi Junction (KPD),Sholinghur (SHU)
182,Mukundarayapurm (MCN),Arakkonam (AJJ)
183,Walajah Road Junction (WJR),Trivellore (TRL)
184,Sholinghur (SHU),Perambur (PER)
185,Arakkonam (AJJ),Chennai Central (MAS)
186,Trivellore (TRL),Bangalore Cant (BNC)
187,Perambur (PER),Krishnarajapurm (KJM)
188,Chennai Central (MAS),Whitefield (WFD)
189,Bangalore Cant (BNC),Malur (MLO)
190,Krishnarajapurm (KJM),Bangarapet (BWT)
191,Whitefield (WFD),Kuppam (KPN)
192,Malur (MLO),Jolarpettai (JTJ)
193,Bangarapet (BWT),Vaniyambadi (VN)
194,Kuppam (KPN),Ambur (AB)
195,Jolarpettai (JTJ),Gudiyattam (GYM)
196,Vaniyambadi (VN),Katpadi Junction (KPD)
197,Ambur (AB),Mukundarayapurm (MCN)
198,Gudiyattam (GYM),Walajah Road Junction (WJR)
199,Katpadi Junction (KPD),Sholinghur (SHU)
200,Mukundarayapurm (MCN),Arakkonam (AJJ)
201,Walajah Road Junction (WJR),Trivellore (TRL)
202,Sholinghur (SHU),Perambur (PER)
203,Arakkonam (AJJ),Chennai Central (MAS)
204,Trivellore (TRL),Bangalore Cant (BNC)
205,Perambur (PER),Krishnarajapurm (KJM)
206,Chennai Central (MAS),Whitefield (WFD)
207,Bangalore Cant (BNC),Malur (MLO)
208,Krishnarajapurm (KJM),Bangarapet (BWT)
209,Whitefield (WFD),Kuppam (KPN)
210,Malur (MLO),Jolarpettai (JTJ)
211,Bangarapet (BWT),Vaniyambadi (VN)
212,Kuppam (KPN),Ambur (AB)
213,Jolarpettai (JTJ),Gudiyattam (GYM)
214,Vaniyambadi (VN),Katpadi Junction (KPD)
215,Ambur (AB),Mukundarayapurm (MCN)
216,Gudiyattam (GYM),Walajah Road Junction (WJR)
217,Katpadi Junction (KPD),Sholinghur (SHU)
218,Mukundarayapurm (MCN),Arakkonam (AJJ)
219,Walajah Road Junction (WJR),Trivellore (TRL)
220,Sholinghur (SHU),Perambur (PER)
221,Arakkonam (AJJ),Chennai Central (MAS)
222,Trivellore (TRL),Bangalore Cant (BNC)
223,Perambur (PER),Krishnarajapurm (KJM)
224,Chennai Central (MAS),Whitefield (WFD)
225,Bangalore Cant (BNC),Malur (MLO)
226,Krishnarajapurm (KJM),Bangarapet (BWT)
227,Whitefield (WFD),Kuppam (KPN)
228,Malur (MLO),Jolarpettai (JTJ)
229,Bangarapet (BWT),Vaniyambadi (VN)
230,Kuppam (KPN),Ambur (AB)
231,Bangalore Cant (BNC),Gudiyattam (GYM)
232,Krishnarajapurm (KJM),Katpadi Junction (KPD)
233,Whitefield (WFD),Mukundarayapurm (MCN)
234,Malur (MLO),Walajah Road Junction (WJR)
235,Bangarapet (BWT),Sholinghur (SHU)
236,Kuppam (KPN),Arakkonam (AJJ)
237,Jolarpettai (JTJ),Trivellore (TRL)
238,Vaniyambadi (VN),Perambur (PER)
239,Ambur (AB),Chennai Central (MAS)
240,Gudiyattam (GYM),Bangalore Cant (BNC)
241,Katpadi Junction (KPD),Krishnarajapurm (KJM)
242,Mukundarayapurm (MCN),Whitefield (WFD)
243,Walajah Road Junction (WJR),Malur (MLO)
244,Bangalore Cant (BNC),Gudiyattam (GYM)
245,Krishnarajapurm (KJM),Katpadi Junction (KPD)
246,Whitefield (WFD),Mukundarayapurm (MCN)
247,Malur (MLO),Walajah Road Junction (WJR)
248,Bangarapet (BWT),Sholinghur (SHU)
249,Kuppam (KPN),Arakkonam (AJJ)
250,Jolarpettai (JTJ),Trivellore (TRL)
251,Vaniyambadi (VN),Perambur (PER)
252,Ambur (AB),Chennai Central (MAS)
253,Gudiyattam (GYM),Bangalore Cant (BNC)
254,Katpadi Junction (KPD),Krishnarajapurm (KJM)
255,Mukundarayapurm (MCN),Whitefield (WFD)
256,Walajah Road Junction (WJR),Malur (MLO)
257,Bangalore Cant (BNC),Gudiyattam (GYM)
258,Krishnarajapurm (KJM),Katpadi Junction (KPD)
259,Whitefield (WFD),Mukundarayapurm (MCN)
260,Malur (MLO),Walajah Road Junction (WJR)
261,Bangarapet (BWT),Sholinghur (SHU)
262,Kuppam (KPN),Arakkonam (AJJ)
263,Jolarpettai (JTJ),Trivellore (TRL)
264,Vaniyambadi (VN),Perambur (PER)
265,Ambur (AB),Chennai Central (MAS)
266,Gudiyattam (GYM),Bangalore Cant (BNC)
267,Katpadi Junction (KPD),Krishnarajapurm (KJM)
268,Mukundarayapurm (MCN),Whitefield (WFD)
269,Walajah Road Junction (WJR),Malur (MLO)
270,Bangalore Cant (BNC),Gudiyattam (GYM)
271,Krishnarajapurm (KJM),Katpadi Junction (KPD)
272,Whitefield (WFD),Mukundarayapurm (MCN)
273,Malur (MLO),Walajah Road Junction (WJR)
274,Bangarapet (BWT),Sholinghur (SHU)
275,Kuppam (KPN),Arakkonam (AJJ)
276,Jolarpettai (JTJ),Trivellore (TRL)
277,Vaniyambadi (VN),Perambur (PER)
278,Ambur (AB),Chennai Central (MAS)
279,Gudiyattam (GYM),Bangalore Cant (BNC)
280,Katpadi Junction (KPD),Krishnarajapurm (KJM)
281,Mukundarayapurm (MCN),Whitefield (WFD)
282,Walajah Road Junction (WJR),Malur (MLO)
283,Bangalore Cant (BNC),Gudiyattam (GYM)
284,Krishnarajapurm (KJM),Katpadi Junction (KPD)
285,Whitefield (WFD),Mukundarayapurm (MCN)
286,Malur (MLO),Walajah Road Junction (WJR)
287,Bangarapet (BWT),Sholinghur (SHU)
288,Kuppam (KPN),Arakkonam (AJJ)
289,Jolarpettai (JTJ),Trivellore (TRL)
290,Vaniyambadi (VN),Perambur (PER)
291,Ambur (AB),Chennai Central (MAS)
292,Gudiyattam (GYM),Bangalore Cant (BNC)
293,Katpadi Junction (KPD),Krishnarajapurm (KJM)
294,Mukundarayapurm (MCN),Whitefield (WFD)
295,Walajah Road Junction (WJR),Malur (MLO)
296,Bangalore Cant (BNC),Gudiyattam (GYM)
297,Krishnarajapurm (KJM),Katpadi Junction (KPD)
298,Whitefield (WFD),Mukundarayapurm (MCN)
299,Malur (MLO),Walajah Road Junction (WJR)
300,Bangarapet (BWT),Sholinghur (SHU)
301,Bangalore Cant (BNC),Krishnarajapurm (KJM)
302,Whitefield (WFD),Malur (MLO)
303,Bangarapet (BWT),Kuppam (KPN)
304,Jolarpettai (JTJ),Vaniyambadi (VN)
305,Ambur (AB),Gudiyattam (GYM)
306,Katpadi Junction (KPD),Mukundarayapurm (MCN)
307,Walajah Road Junction (WJR),Sholinghur (SHU)
308,Arakkonam (AJJ),Trivellore (TRL)
309,Perambur (PER),Chennai Central (MAS)
310,Bangalore Cant (BNC),Krishnarajapurm (KJM)
311,Whitefield (WFD),Malur (MLO)
312,Bangarapet (BWT),Kuppam (KPN)
313,Jolarpettai (JTJ),Vaniyambadi (VN)
314,Ambur (AB),Gudiyattam (GYM)
315,Katpadi Junction (KPD),Mukundarayapurm (MCN)
316,Walajah Road Junction (WJR),Sholinghur (SHU)
317,Arakkonam (AJJ),Trivellore (TRL)
318,Perambur (PER),Chennai Central (MAS)
319,Bangalore Cant (BNC),Krishnarajapurm (KJM)
320,Whitefield (WFD),Malur (MLO)
321,Bangarapet (BWT),Kuppam (KPN)
322,Jolarpettai (JTJ),Vaniyambadi (VN)
323,Ambur (AB),Gudiyattam (GYM)
324,Katpadi Junction (KPD),Mukundarayapurm (MCN)
325,Walajah Road Junction (WJR),Sholinghur (SHU)
326,Arakkonam (AJJ),Trivellore (TRL)
327,Perambur (PER),Chennai Central (MAS)
328,Bangalore Cant (BNC),Krishnarajapurm (KJM)
329,Whitefield (WFD),Malur (MLO)
330,Bangarapet (BWT),Kuppam (KPN)
331,Jolarpettai (JTJ),Vaniyambadi (VN)
332,Ambur (AB),Gudiyattam (GYM)
333,Katpadi Junction (KPD),Mukundarayapurm (MCN)
334,Walajah Road Junction (WJR),Sholinghur (SHU)
335,Arakkonam (AJJ),Trivellore (TRL)
336,Perambur (PER),Chennai Central (MAS)
337,Bangalore Cant (BNC),Krishnarajapurm (KJM)
338,Whitefield (WFD),Malur (MLO)
339,Bangarapet (BWT),Kuppam (KPN)
340,Jolarpettai (JTJ),Vaniyambadi (VN)
341,Ambur (AB),Gudiyattam (GYM)
342,Katpadi Junction (KPD),Mukundarayapurm (MCN)
343,Walajah Road Junction (WJR),Sholinghur (SHU)
344,Arakkonam (AJJ),Trivellore (TRL)
345,Perambur (PER),Chennai Central (MAS)
346,Bangalore Cant (BNC),Krishnarajapurm (KJM)
347,Whitefield (WFD),Malur (MLO)
348,Bangarapet (BWT),Kuppam (KPN)
349,Jolarpettai (JTJ),Vaniyambadi (VN)
350,Ambur (AB),Gudiyattam (GYM)
351,Katpadi Junction (KPD),Mukundarayapurm (MCN)
352,Walajah Road Junction (WJR),Sholinghur (SHU)
353,Arakkonam (AJJ),Trivellore (TRL)
354,Perambur (PER),Chennai Central (MAS)
355,Bangalore Cant (BNC),Krishnarajapurm (KJM)
356,Whitefield (WFD),Malur (MLO)
357,Bangarapet (BWT),Kuppam (KPN)
358,Jolarpettai (JTJ),Vaniyambadi (VN)
359,Ambur (AB),Gudiyattam (GYM)
360,Katpadi Junction (KPD),Mukundarayapurm (MCN)
361,Walajah Road Junction (WJR),Sholinghur (SHU)
362,Arakkonam (AJJ),Trivellore (TRL)
363,Perambur (PER),Chennai Central (MAS)
364,Bangalore Cant (BNC),Krishnarajapurm (KJM)
365,Whitefield (WFD),Malur (MLO)
366,Bangarapet (BWT),Kuppam (KPN)
367,Jolarpettai (JTJ),Vaniyambadi (VN)
368,Ambur (AB),Gudiyattam (GYM)
369,Katpadi Junction (KPD),Mukundarayapurm (MCN)
370,Walajah Road Junction (WJR),Sholinghur (SHU)
371,Arakkonam (AJJ),Trivellore (TRL)
372,Perambur (PER),Chennai Central (MAS)
373,Bangalore Cant (BNC),Krishnarajapurm (KJM)
374,Whitefield (WFD),Malur (MLO)
375,Bangarapet (BWT),Kuppam (KPN)
376,Jolarpettai (JTJ),Vaniyambadi (VN)
377,Ambur (AB),Gudiyattam (GYM)
378,Katpadi Junction (KPD),Mukundarayapurm (MCN)
379,Walajah Road Junction (WJR),Sholinghur (SHU)
380,Arakkonam (AJJ),Trivellore (TRL)
381,Perambur (PER),Chennai Central (MAS)
382,Bangalore Cant (BNC),Krishnarajapurm (KJM)
383,Whitefield (WFD),Malur (MLO)
384,Bangarapet (BWT),Kuppam (KPN)
385,Jolarpettai (JTJ),Vaniyambadi (VN)
386,Ambur (AB),Gudiyattam (GYM)
387,Katpadi Junction (KPD),Mukundarayapurm (MCN)
388,Walajah Road Junction (WJR),Sholinghur (SHU)
389,Arakkonam (AJJ),Trivellore (TRL)
390,Perambur (PER),Chennai Central (MAS)
391,Bangalore Cant (BNC),Krishnarajapurm (KJM)
392,Whitefield (WFD),Malur (MLO)
393,Bangarapet (BWT),Kuppam (KPN)
394,Jolarpettai (JTJ),Vaniyambadi (VN)
395,Ambur (AB),Gudiyattam (GYM)
396,Katpadi Junction (KPD),Mukundarayapurm (MCN)
397,Walajah Road Junction (WJR),Sholinghur (SHU)
398,Arakkonam (AJJ),Trivellore (TRL)
399,Perambur (PER),Chennai Central (MAS)
400,Bangalore Cant (BNC),Krishnarajapurm (KJM)
401,Whitefield (WFD),Malur (MLO)
402,Bangarapet (BWT),Kuppam (KPN)
403,Jolarpettai (JTJ),Vaniyambadi (VN)
404,Ambur (AB),Gudiyattam (GYM)
405,Katpadi Junction (KPD),Mukundarayapurm (MCN)
406,Walajah Road Junction (WJR),Sholinghur (SHU)
407,Arakkonam (AJJ),Trivellore (TRL)
408,Perambur (PER),Chennai Central (MAS)
409,Bangalore Cant (BNC),Krishnarajapurm (KJM)
410,Whitefield (WFD),Malur (MLO)
411,Bangarapet (BWT),Kuppam (KPN)
412,Jolarpettai (JTJ),Vaniyambadi (VN)
413,Ambur (AB),Gudiyattam (GYM)
414,Katpadi Junction (KPD),Mukundarayapurm (MCN)
415,Walajah Road Junction (WJR),Sholinghur (SHU)
416,Arakkonam (AJJ),Trivellore (TRL)
417,Perambur (PER),Chennai Central (MAS)
418,Bangalore Cant (BNC),Krishnarajapurm (KJM)
419,Whitefield (WFD),Malur (MLO)
420,Bangarapet (BWT),Kuppam (KPN)
421,Jolarpettai (JTJ),Vaniyambadi (VN)
422,Ambur (AB),Gudiyattam (GYM)
423,Katpadi Junction (KPD),Mukundarayapurm (MCN)
424,Walajah Road Junction (WJR),Sholinghur (SHU)
425,Arakkonam (AJJ),Trivellore (TRL)
426,Perambur (PER),Chennai Central (MAS)
427,Bangalore Cant (BNC),Krishnarajapurm (KJM)
428,Whitefield (WFD),Malur (MLO)
429,Bangarapet (BWT),Kuppam (KPN)
430,Jolarpettai (JTJ),Vaniyambadi (VN)
431,Ambur (AB),Gudiyattam (GYM)
432,Katpadi Junction (KPD),Mukundarayapurm (MCN)
433,Walajah Road Junction (WJR),Sholinghur (SHU)
434,Arakkonam (AJJ),Trivellore (TRL)
435,Perambur (PER),Chennai Central (MAS)
436,Bangalore Cant (BNC),Krishnarajapurm (KJM)
437,Whitefield (WFD),Malur (MLO)
438,Bangarapet (BWT),Kuppam (KPN)
439,Jolarpettai (JTJ),Vaniyambadi (VN)
440,Ambur (AB),Gudiyattam (GYM)
441,Katpadi Junction (KPD),Mukundarayapurm (MCN)
442,Walajah Road Junction (WJR),Sholinghur (SHU)
443,Arakkonam (AJJ),Trivellore (TRL)
444,Perambur (PER),Chennai Central (MAS)
445,Bangalore Cant (BNC),Krishnarajapurm (KJM)
446,Whitefield (WFD),Malur (MLO)
447,Bangarapet (BWT),Kuppam (KPN)
448,Jolarpettai (JTJ),Vaniyambadi (VN)
449,Ambur (AB),Gudiyattam (GYM)
450,Katpadi Junction (KPD),Mukundarayapurm (MCN)
451,Walajah Road Junction (WJR),Sholinghur (SHU)
452,Arakkonam (AJJ),Trivellore (TRL)
453,Perambur (PER),Chennai Central (MAS)
454,Bangalore Cant (BNC),Krishnarajapurm (KJM)
455,Whitefield (WFD),Malur (MLO)
456,Bangarapet (BWT),Kuppam (KPN)
457,Jolarpettai (JTJ),Vaniyambadi (VN)
458,Ambur (AB),Gudiyattam (GYM)
459,Katpadi Junction (KPD),Mukundarayapurm (MCN)
460,Walajah Road Junction (WJR),Sholinghur (SHU)
461,Arakkonam (AJJ),Trivellore (TRL)
462,Perambur (PER),Chennai Central (MAS)
463,Bangalore Cant (BNC),Krishnarajapurm (KJM)
464,Whitefield (WFD),Malur (MLO)
465,Bangarapet (BWT),Kuppam (KPN)
466,Jolarpettai (JTJ),Vaniyambadi (VN)
467,Ambur (AB),Gudiyattam (GYM)
468,Katpadi Junction (KPD),Mukundarayapurm (MCN)
469,Walajah Road Junction (WJR),Sholinghur (SHU)
470,Arakkonam (AJJ),Trivellore (TRL)
471,Perambur (PER),Chennai Central (MAS)
472,Bangalore Cant (BNC),Krishnarajapurm (KJM)
473,Whitefield (WFD),Malur (MLO)
474,Bangarapet (BWT),Kuppam (KPN)
475,Jolarpettai (JTJ),Vaniyambadi (VN)
476,Ambur (AB),Gudiyattam (GYM)
477,Katpadi Junction (KPD),Mukundarayapurm (MCN)
478,Walajah Road Junction (WJR),Sholinghur (SHU)
479,Arakkonam (AJJ),Trivellore (TRL)
480,Perambur (PER),Chennai Central (MAS)
481,Bangalore Cant (BNC),Krishnarajapurm (KJM)
482,Whitefield (WFD),Malur (MLO)
483,Bangarapet (BWT),Kuppam (KPN)
484,Jolarpettai (JTJ),Vaniyambadi (VN)
485,Ambur (AB),Gudiyattam (GYM)
486,Katpadi Junction (KPD),Mukundarayapurm (MCN)
487,Walajah Road Junction (WJR),Sholinghur (SHU)
488,Arakkonam (AJJ),Trivellore (TRL)
489,Perambur (PER),Chennai Central (MAS)
490,Bangalore Cant (BNC),Krishnarajapurm (KJM)
491,Whitefield (WFD),Malur (MLO)
492,Bangarapet (BWT),Kuppam (KPN)
493,Jolarpettai (JTJ),Vaniyambadi (VN)
494,Ambur (AB),Gudiyattam (GYM)
495,Katpadi Junction (KPD),Mukundarayapurm (MCN)
496,Walajah Road Junction (WJR),Sholinghur (SHU)
497,Arakkonam (AJJ),Trivellore (TRL)
498,Perambur (PER),Chennai Central (MAS)
499,Bangalore Cant (BNC),Krishnarajapurm (KJM)
500,Whitefield (WFD),Malur (MLO)
501,Katpadi Junction (KPD),Mukundarayapurm (MCN)
502,Walajah Road Junction (WJR),Sholinghur (SHU)
503,Arakkonam (AJJ),Trivellore (TRL)
504,Perambur (PER),Chennai Central (MAS)
505,Bangalore Cant (BNC),Krishnarajapurm (KJM)
506,Whitefield (WFD),Malur (MLO)
507,Bangarapet (BWT),Kuppam (KPN)
508,Jolarpettai (JTJ),Vaniyambadi (VN)
509,Ambur (AB),Gudiyattam (GYM)
510,Katpadi Junction (KPD),Mukundarayapurm (MCN)
511,Walajah Road Junction (WJR),Sholinghur (SHU)
512,Arakkonam (AJJ),Trivellore (TRL)
513,Perambur (PER),Chennai Central (MAS)
514,Bangalore Cant (BNC),Krishnarajapurm (KJM)
515,Whitefield (WFD),Malur (MLO)
516,Bangarapet (BWT),Kuppam (KPN)
517,Jolarpettai (JTJ),Vaniyambadi (VN)
518,Ambur (AB),Gudiyattam (GYM)
519,Katpadi Junction (KPD),Mukundarayapurm (MCN)
520,Walajah Road Junction (WJR),Sholinghur (SHU)
521,Arakkonam (AJJ),Trivellore (TRL)
522,Perambur (PER),Chennai Central (MAS)
523,Bangalore Cant (BNC),Krishnarajapurm (KJM)
524,Whitefield (WFD),Malur (MLO)
525,Bangarapet (BWT),Kuppam (KPN)
526,Jolarpettai (JTJ),Vaniyambadi (VN)
527,Ambur (AB),Gudiyattam (GYM)
528,Katpadi Junction (KPD),Mukundarayapurm (MCN)
529,Walajah Road Junction (WJR),Sholinghur (SHU)
530,Arakkonam (AJJ),Trivellore (TRL)
531,Perambur (PER),Chennai Central (MAS)
532,Bangalore Cant (BNC),Krishnarajapurm (KJM)
533,Whitefield (WFD),Malur (MLO)
534,Bangarapet (BWT),Kuppam (KPN)
535,Jolarpettai (JTJ),Vaniyambadi (VN)
536,Ambur (AB),Gudiyattam (GYM)
537,Katpadi Junction (KPD),Mukundarayapurm (MCN)
538,Walajah Road Junction (WJR),Sholinghur (SHU)
539,Arakkonam (AJJ),Trivellore (TRL)
540,Perambur (PER),Chennai Central (MAS)
541,Bangalore Cant (BNC),Krishnarajapurm (KJM)
542,Whitefield (WFD),Malur (MLO)
543,Bangarapet (BWT),Kuppam (KPN)
544,Jolarpettai (JTJ),Vaniyambadi (VN)
545,Ambur (AB),Gudiyattam (GYM)
546,Katpadi Junction (KPD),Mukundarayapurm (MCN)
547,Walajah Road Junction (WJR),Sholinghur (SHU)
548,Arakkonam (AJJ),Trivellore (TRL)
549,Perambur (PER),Chennai Central (MAS)
550,Bangalore Cant (BNC),Krishnarajapurm (KJM)
551,Whitefield (WFD),Malur (MLO)
552,Bangarapet (BWT),Kuppam (KPN)
553,Jolarpettai (JTJ),Vaniyambadi (VN)
554,Ambur (AB),Gudiyattam (GYM)
555,Katpadi Junction (KPD),Mukundarayapurm (MCN)
556,Walajah Road Junction (WJR),Sholinghur (SHU)
557,Arakkonam (AJJ),Trivellore (TRL)
558,Perambur (PER),Chennai Central (MAS)
559,Bangalore Cant (BNC),Krishnarajapurm (KJM)
560,Whitefield (WFD),Malur (MLO)
561,Bangarapet (BWT),Kuppam (KPN)
562,Jolarpettai (JTJ),Vaniyambadi (VN)
563,Ambur (AB),Gudiyattam (GYM)
564,Katpadi Junction (KPD),Mukundarayapurm (MCN)
565,Walajah Road Junction (WJR),Sholinghur (SHU)
566,Arakkonam (AJJ),Trivellore (TRL)
567,Perambur (PER),Chennai Central (MAS)
568,Bangalore Cant (BNC),Krishnarajapurm (KJM)
569,Whitefield (WFD),Malur (MLO)
570,Bangarapet (BWT),Kuppam (KPN)
571,Jolarpettai (JTJ),Vaniyambadi (VN)
572,Ambur (AB),Gudiyattam (GYM)
573,Katpadi Junction (KPD),Mukundarayapurm (MCN)
574,Walajah Road Junction (WJR),Sholinghur (SHU)
575,Arakkonam (AJJ),Trivellore (TRL)
576,Perambur (PER),Chennai Central (MAS)
577,Bangalore Cant (BNC),Krishnarajapurm (KJM)
578,Whitefield (WFD),Malur (MLO)
579,Bangarapet (BWT),Kuppam (KPN)
580,Jolarpettai (JTJ),Vaniyambadi (VN)
581,Ambur (AB),Gudiyattam (GYM)
582,Katpadi Junction (KPD),Mukundarayapurm (MCN)
583,Walajah Road Junction (WJR),Sholinghur (SHU)
584,Arakkonam (AJJ),Trivellore (TRL)
585,Perambur (PER),Chennai Central (MAS)
586,Bangalore Cant (BNC),Krishnarajapurm (KJM)
587,Whitefield (WFD),Malur (MLO)
588,Bangarapet (BWT),Kuppam (KPN)
589,Jolarpettai (JTJ),Vaniyambadi (VN)
590,Ambur (AB),Gudiyattam (GYM)
591,Katpadi Junction (KPD),Mukundarayapurm (MCN)
592,Walajah Road Junction (WJR),Sholinghur (SHU)
593,Arakkonam (AJJ),Trivellore (TRL)
594,Perambur (PER),Chennai Central (MAS)
595,Bangalore Cant (BNC),Krishnarajapurm (KJM)
596,Whitefield (WFD),Malur (MLO)
597,Bangarapet (BWT),Kuppam (KPN)
598,Jolarpettai (JTJ),Vaniyambadi (VN)
599,Ambur (AB),Gudiyattam (GYM)
600,Katpadi Junction (KPD),Mukundarayapurm (MCN)
601,Vaniyambadi (VN),Ambur (AB)
602,Gudiyattam (GYM),Katpadi Junction (KPD)
603,Mukundarayapurm (MCN),Walajah Road Junction (WJR)
604,Sholinghur (SHU),Arakkonam (AJJ)
605,Trivellore (TRL),Perambur (PER)
606,Chennai Central (MAS),Bangalore Cant (BNC)
607,Krishnarajapurm (KJM),Whitefield (WFD)
608,Malur (MLO),Bangarapet (BWT)
609,Kuppam (KPN),Jolarpettai (JTJ)
610,Vaniyambadi (VN),Ambur (AB)
611,Gudiyattam (GYM),Katpadi Junction (KPD)
612,Mukundarayapurm (MCN),Walajah Road Junction (WJR)
613,Sholinghur (SHU),Arakkonam (AJJ)
614,Trivellore (TRL),Perambur (PER)
615,Chennai Central (MAS),Bangalore Cant (BNC)
616,Krishnarajapurm (KJM),Whitefield (WFD)
617,Malur (MLO),Bangarapet (BWT)
618,Kuppam (KPN),Jolarpettai (JTJ)
619,Vaniyambadi (VN),Ambur (AB)
620,Gudiyattam (GYM),Katpadi Junction (KPD)
621,Mukundarayapurm (MCN),Walajah Road Junction (WJR)
622,Sholinghur (SHU),Arakkonam (AJJ)
623,Trivellore (TRL),Perambur (PER)
624,Chennai Central (MAS),Bangalore Cant (BNC)
625,Krishnarajapurm (KJM),Whitefield (WFD)
626,Malur (MLO),Bangarapet (BWT)
627,Kuppam (KPN),Jolarpettai (JTJ)
628,Vaniyambadi (VN),Ambur (AB)
629,Gudiyattam (GYM),Katpadi Junction (KPD)
630,Mukundarayapurm (MCN),Walajah Road Junction (WJR)
631,Sholinghur (SHU),Arakkonam (AJJ)
632,Trivellore (TRL),Perambur (PER)
633,Chennai Central (MAS),Bangalore Cant (BNC)
634,Krishnarajapurm (KJM),Whitefield (WFD)
635,Malur (MLO),Bangarapet (BWT)
636,Kuppam (KPN),Jolarpettai (JTJ)
637,Vaniyambadi (VN),Ambur (AB)
638,Gudiyattam (GYM),Katpadi Junction (KPD)
639,Mukundarayapurm (MCN),Walajah Road Junction (WJR)
640,Sholinghur (SHU),Arakkonam (AJJ)
641,Trivellore (TRL),Perambur (PER)
642,Chennai Central (MAS),Bangalore Cant (BNC)
643,Krishnarajapurm (KJM),Whitefield (WFD)
644,Malur (MLO),Bangarapet (BWT)
645,Kuppam (KPN),Jolarpettai (JTJ)
646,Vaniyambadi (VN),Ambur (AB)
647,Gudiyattam (GYM),Katpadi Junction (KPD)
648,Mukundarayapurm (MCN),Walajah Road Junction (WJR)
649,Sholinghur (SHU),Arakkonam (AJJ)
650,Trivellore (TRL),Perambur (PER)
651,Chennai Central (MAS),Bangalore Cant (BNC)
652,Krishnarajapurm (KJM),Whitefield (WFD)
653,Malur (MLO),Bangarapet (BWT)
654,Kuppam (KPN),Jolarpettai (JTJ)
655,Vaniyambadi (VN),Ambur (AB)
656,Gudiyattam (GYM),Katpadi Junction (KPD)
657,Mukundarayapurm (MCN),Walajah Road Junction (WJR)
658,Sholinghur (SHU),Arakkonam (AJJ)
659,Trivellore (TRL),Perambur (PER)
660,Chennai Central (MAS),Bangalore Cant (BNC)
661,Krishnarajapurm (KJM),Whitefield (WFD)
662,Malur (MLO),Bangarapet (BWT)
663,Kuppam (KPN),Jolarpettai (JTJ)
664,Vaniyambadi (VN),Ambur (AB)
665,Gudiyattam (GYM),Katpadi Junction (KPD)
666,Mukundarayapurm (MCN),Walajah Road Junction (WJR)
667,Sholinghur (SHU),Arakkonam (AJJ)
668,Trivellore (TRL),Perambur (PER)
669,Chennai Central (MAS),Bangalore Cant (BNC)
670,Krishnarajapurm (KJM),Whitefield (WFD)
671,Malur (MLO),Bangarapet (BWT)
672,Kuppam (KPN),Jolarpettai (JTJ)
673,Vaniyambadi (VN),Ambur (AB)
674,Gudiyattam (GYM),Katpadi Junction (KPD)
675,Mukundarayapurm (MCN),Walajah Road Junction (WJR)
676,Sholinghur (SHU),Arakkonam (AJJ)
677,Trivellore (TRL),Perambur (PER)
678,Chennai Central (MAS),Bangalore Cant (BNC)
679,Krishnarajapurm (KJM),Whitefield (WFD)
680,Malur (MLO),Bangarapet (BWT)
681,Kuppam (KPN),Jolarpettai (JTJ)
682,Vaniyambadi (VN),Ambur (AB)
683,Gudiyattam (GYM),Katpadi Junction (KPD)
684,Mukundarayapurm (MCN),Walajah Road Junction (WJR)
685,Sholinghur (SHU),Arakkonam (AJJ)
686,Trivellore (TRL),Perambur (PER)
687,Chennai Central (MAS),Bangalore Cant (BNC)
688,Krishnarajapurm (KJM),Whitefield (WFD)
689,Malur (MLO),Bangarapet (BWT)
690,Kuppam (KPN),Jolarpettai (JTJ)
691,Vaniyambadi (VN),Ambur (AB)
692,Gudiyattam (GYM),Katpadi Junction (KPD)
693,Mukundarayapurm (MCN),Walajah Road Junction (WJR)
694,Sholinghur (SHU),Arakkonam (AJJ)
695,Trivellore (TRL),Perambur (PER)
696,Chennai Central (MAS),Bangalore Cant (BNC)
697,Krishnarajapurm (KJM),Whitefield (WFD)
698,Malur (MLO),Bangarapet (BWT)
699,Kuppam (KPN),Jolarpettai (JTJ)
700,Vaniyambadi (VN),Ambur (AB)
701,Gudiyattam (GYM),Katpadi Junction (KPD)
702,Mukundarayapurm (MCN),Walajah Road Junction (WJR)
703,Sholinghur (SHU),Arakkonam (AJJ)
704,Trivellore (TRL),Perambur (PER)
705,Chennai Central (MAS),Bangalore Cant (BNC)
706,Krishnarajapurm (KJM),Whitefield (WFD)
707,Malur (MLO),Bangarapet (BWT)
708,Kuppam (KPN),Jolarpettai (JTJ)
709,Vaniyambadi (VN),Ambur (AB)
710,Gudiyattam (GYM),Katpadi Junction (KPD)
711,Mukundarayapurm (MCN),Walajah Road Junction (WJR)
712,Sholinghur (SHU),Arakkonam (AJJ)
713,Trivellore (TRL),Perambur (PER)
714,Chennai Central (MAS),Bangalore Cant (BNC)
715,Krishnarajapurm (KJM),Whitefield (WFD)
716,Malur (MLO),Bangarapet (BWT)
717,Kuppam (KPN),Jolarpettai (JTJ)
718,Vaniyambadi (VN),Ambur (AB)
719,Gudiyattam (GYM),Katpadi Junction (KPD)
720,Mukundarayapurm (MCN),Walajah Road Junction (WJR)
721,Sholinghur (SHU),Arakkonam (AJJ)
722,Trivellore (TRL),Perambur (PER)
723,Chennai Central (MAS),Bangalore Cant (BNC)
724,Krishnarajapurm (KJM),Whitefield (WFD)
725,Malur (MLO),Bangarapet (BWT)
726,Kuppam (KPN),Jolarpettai (JTJ)
727,Vaniyambadi (VN),Ambur (AB)
728,Gudiyattam (GYM),Katpadi Junction (KPD)
729,Mukundarayapurm (MCN),Walajah Road Junction (WJR)
730,Sholinghur (SHU),Arakkonam (AJJ)
731,Trivellore (TRL),Perambur (PER)
732,Chennai Central (MAS),Bangalore Cant (BNC)
733,Krishnarajapurm (KJM),Whitefield (WFD)
734,Malur (MLO),Bangarapet (BWT)
735,Kuppam (KPN),Jolarpettai (JTJ)
736,Vaniyambadi (VN),Ambur (AB)
737,Gudiyattam (GYM),Katpadi Junction (KPD)
738,Mukundarayapurm (MCN),Walajah Road Junction (WJR)
739,Sholinghur (SHU),Arakkonam (AJJ)
740,Trivellore (TRL),Perambur (PER)
741,Chennai Central (MAS),Bangalore Cant (BNC)
742,Krishnarajapurm (KJM),Whitefield (WFD)
743,Malur (MLO),Bangarapet (BWT)
744,Kuppam (KPN),Jolarpettai (JTJ)
745,Vaniyambadi (VN),Ambur (AB)
746,Gudiyattam (GYM),Katpadi Junction (KPD)
747,Mukundarayapurm (MCN),Walajah Road Junction (WJR)
748,Sholinghur (SHU),Arakkonam (AJJ)
749,Trivellore (TRL),Perambur (PER)
750,Chennai Central (MAS),Bangalore Cant (BNC)
751,Krishnarajapurm (KJM),Whitefield (WFD)
752,Malur (MLO),Bangarapet (BWT)
753,Kuppam (KPN),Jolarpettai (JTJ)
754,Vaniyambadi (VN),Ambur (AB)
755,Gudiyattam (GYM),Katpadi Junction (KPD)
756,Mukundarayapurm (MCN),Walajah Road Junction (WJR)
757,Sholinghur (SHU),Arakkonam (AJJ)
758,Trivellore (TRL),Perambur (PER)
759,Chennai Central (MAS),Bangalore Cant (BNC)
760,Krishnarajapurm (KJM),Whitefield (WFD)
761,Malur (MLO),Bangarapet (BWT)
762,Kuppam (KPN),Jolarpettai (JTJ)
763,Vaniyambadi (VN),Ambur (AB)
764,Gudiyattam (GYM),Katpadi Junction (KPD)
765,Mukundarayapurm (MCN),Walajah Road Junction (WJR)
766,Sholinghur (SHU),Arakkonam (AJJ)
767,Trivellore (TRL),Perambur (PER)
768,Chennai Central (MAS),Bangalore Cant (BNC)
769,Krishnarajapurm (KJM),Whitefield (WFD)
770,Malur (MLO),Bangarapet (BWT)
771,Kuppam (KPN),Jolarpettai (JTJ)
772,Vaniyambadi (VN),Ambur (AB)
773,Gudiyattam (GYM),Katpadi Junction (KPD)
774,Mukundarayapurm (MCN),Walajah Road Junction (WJR)
775,Sholinghur (SHU),Arakkonam (AJJ)
776,Trivellore (TRL),Perambur (PER)
777,Chennai Central (MAS),Bangalore Cant (BNC)
778,Krishnarajapurm (KJM),Whitefield (WFD)
779,Malur (MLO),Bangarapet (BWT)
780,Kuppam (KPN),Jolarpettai (JTJ)
781,Vaniyambadi (VN),Ambur (AB)
782,Gudiyattam (GYM),Katpadi Junction (KPD)
783,Mukundarayapurm (MCN),Walajah Road Junction (WJR)
784,Sholinghur (SHU),Arakkonam (AJJ)
785,Trivellore (TRL),Perambur (PER)
786,Chennai Central (MAS),Bangalore Cant (BNC)
787,Krishnarajapurm (KJM),Whitefield (WFD)
788,Malur (MLO),Bangarapet (BWT)
789,Kuppam (KPN),Jolarpettai (JTJ)
790,Vaniyambadi (VN),Ambur (AB)
791,Gudiyattam (GYM),Katpadi Junction (KPD)
792,Mukundarayapurm (MCN),Walajah Road Junction (WJR)
793,Sholinghur (SHU),Arakkonam (AJJ)
794,Trivellore (TRL),Perambur (PER)
795,Chennai Central (MAS),Bangalore Cant (BNC)
796,Krishnarajapurm (KJM),Whitefield (WFD)
797,Malur (MLO),Bangarapet (BWT)
798,Kuppam (KPN),Jolarpettai (JTJ)
799,Vaniyambadi (VN),Ambur (AB)
800,Gudiyattam (GYM),Katpadi Junction (KPD)
801,Bangarapet (BWT),Sholinghur (SHU)
802,Kuppam (KPN),Arakkonam (AJJ)
803,Jolarpettai (JTJ),Trivellore (TRL)
804,Vaniyambadi (VN),Perambur (PER)
805,Ambur (AB),Chennai Central (MAS)
806,Gudiyattam (GYM),Bangalore Cant (BNC)
807,Katpadi Junction (KPD),Krishnarajapurm (KJM)
808,Mukundarayapurm (MCN),Whitefield (WFD)
809,Walajah Road Junction (WJR),Malur (MLO)
810,Bangalore Cant (BNC),Gudiyattam (GYM)
811,Krishnarajapurm (KJM),Katpadi Junction (KPD)
812,Whitefield (WFD),Mukundarayapurm (MCN)
813,Malur (MLO),Walajah Road Junction (WJR)
814,Bangarapet (BWT),Sholinghur (SHU)
815,Kuppam (KPN),Arakkonam (AJJ)
816,Jolarpettai (JTJ),Trivellore (TRL)
817,Vaniyambadi (VN),Perambur (PER)
818,Ambur (AB),Chennai Central (MAS)
819,Gudiyattam (GYM),Bangalore Cant (BNC)
820,Katpadi Junction (KPD),Krishnarajapurm (KJM)
821,Mukundarayapurm (MCN),Whitefield (WFD)
822,Walajah Road Junction (WJR),Malur (MLO)
823,Bangalore Cant (BNC),Gudiyattam (GYM)
824,Krishnarajapurm (KJM),Katpadi Junction (KPD)
825,Whitefield (WFD),Mukundarayapurm (MCN)
826,Malur (MLO),Walajah Road Junction (WJR)
827,Bangarapet (BWT),Sholinghur (SHU)
828,Kuppam (KPN),Arakkonam (AJJ)
829,Jolarpettai (JTJ),Trivellore (TRL)
830,Vaniyambadi (VN),Perambur (PER)
831,Ambur (AB),Chennai Central (MAS)
832,Gudiyattam (GYM),Bangalore Cant (BNC)
833,Katpadi Junction (KPD),Krishnarajapurm (KJM)
834,Mukundarayapurm (MCN),Whitefield (WFD)
835,Walajah Road Junction (WJR),Malur (MLO)
836,Bangalore Cant (BNC),Gudiyattam (GYM)
837,Krishnarajapurm (KJM),Katpadi Junction (KPD)
838,Whitefield (WFD),Mukundarayapurm (MCN)
839,Malur (MLO),Walajah Road Junction (WJR)
840,Bangarapet (BWT),Sholinghur (SHU)
841,Kuppam (KPN),Arakkonam (AJJ)
842,Jolarpettai (JTJ),Trivellore (TRL)
843,Vaniyambadi (VN),Perambur (PER)
844,Ambur (AB),Chennai Central (MAS)
845,Gudiyattam (GYM),Bangalore Cant (BNC)
846,Katpadi Junction (KPD),Krishnarajapurm (KJM)
847,Mukundarayapurm (MCN),Whitefield (WFD)
848,Walajah Road Junction (WJR),Malur (MLO)
849,Bangalore Cant (BNC),Gudiyattam (GYM)
850,Krishnarajapurm (KJM),Katpadi Junction (KPD)
851,Whitefield (WFD),Mukundarayapurm (MCN)
852,Malur (MLO),Walajah Road Junction (WJR)
853,Bangarapet (BWT),Sholinghur (SHU)
854,Kuppam (KPN),Arakkonam (AJJ)
855,Jolarpettai (JTJ),Trivellore (TRL)
856,Vaniyambadi (VN),Perambur (PER)
857,Ambur (AB),Chennai Central (MAS)
858,Gudiyattam (GYM),Bangalore Cant (BNC)
859,Katpadi Junction (KPD),Krishnarajapurm (KJM)
860,Mukundarayapurm (MCN),Whitefield (WFD)
861,Walajah Road Junction (WJR),Malur (MLO)
862,Bangalore Cant (BNC),Gudiyattam (GYM)
863,Krishnarajapurm (KJM),Katpadi Junction (KPD)
864,Whitefield (WFD),Mukundarayapurm (MCN)
865,Malur (MLO),Walajah Road Junction (WJR)
866,Bangarapet (BWT),Sholinghur (SHU)
867,Kuppam (KPN),Arakkonam (AJJ)
868,Jolarpettai (JTJ),Trivellore (TRL)
869,Vaniyambadi (VN),Perambur (PER)
870,Ambur (AB),Chennai Central (MAS)
871,Gudiyattam (GYM),Bangalore Cant (BNC)
872,Katpadi Junction (KPD),Krishnarajapurm (KJM)
873,Mukundarayapurm (MCN),Whitefield (WFD)
874,Walajah Road Junction (WJR),Malur (MLO)
875,Bangalore Cant (BNC),Gudiyattam (GYM)
876,Krishnarajapurm (KJM),Katpadi Junction (KPD)
877,Whitefield (WFD),Mukundarayapurm (MCN)
878,Malur (MLO),Walajah Road Junction (WJR)
879,Bangarapet (BWT),Sholinghur (SHU)
880,Kuppam (KPN),Arakkonam (AJJ)
881,Jolarpettai (JTJ),Trivellore (TRL)
882,Vaniyambadi (VN),Perambur (PER)
883,Ambur (AB),Chennai Central (MAS)
884,Gudiyattam (GYM),Bangalore Cant (BNC)
885,Katpadi Junction (KPD),Krishnarajapurm (KJM)
886,Mukundarayapurm (MCN),Whitefield (WFD)
887,Walajah Road Junction (WJR),Malur (MLO)
888,Bangalore Cant (BNC),Gudiyattam (GYM)
889,Krishnarajapurm (KJM),Katpadi Junction (KPD)
890,Whitefield (WFD),Mukundarayapurm (MCN)
891,Malur (MLO),Walajah Road Junction (WJR)
892,Bangarapet (BWT),Sholinghur (SHU)
893,Kuppam (KPN),Arakkonam (AJJ)
894,Jolarpettai (JTJ),Trivellore (TRL)
895,Vaniyambadi (VN),Perambur (PER)
896,Ambur (AB),Chennai Central (MAS)
897,Gudiyattam (GYM),Bangalore Cant (BNC)
898,Katpadi Junction (KPD),Krishnarajapurm (KJM)
899,Mukundarayapurm (MCN),Whitefield (WFD)
900,Walajah Road Junction (WJR),Malur (MLO)
901,Bangalore Cant (BNC),Gudiyattam (GYM)
902,Krishnarajapurm (KJM),Katpadi Junction (KPD)
903,Whitefield (WFD),Mukundarayapurm (MCN)
904,Malur (MLO),Walajah Road Junction (WJR)
905,Bangarapet (BWT),Sholinghur (SHU)
906,Kuppam (KPN),Arakkonam (AJJ)
907,Jolarpettai (JTJ),Trivellore (TRL)
908,Vaniyambadi (VN),Perambur (PER)
909,Ambur (AB),Chennai Central (MAS)
910,Gudiyattam (GYM),Bangalore Cant (BNC)
911,Katpadi Junction (KPD),Krishnarajapurm (KJM)
912,Mukundarayapurm (MCN),Whitefield (WFD)
913,Walajah Road Junction (WJR),Malur (MLO)
914,Bangalore Cant (BNC),Gudiyattam (GYM)
915,Krishnarajapurm (KJM),Katpadi Junction (KPD)
916,Whitefield (WFD),Mukundarayapurm (MCN)
917,Malur (MLO),Walajah Road Junction (WJR)
918,Bangarapet (BWT),Sholinghur (SHU)
919,Kuppam (KPN),Arakkonam (AJJ)
920,Jolarpettai (JTJ),Trivellore (TRL)
921,Vaniyambadi (VN),Perambur (PER)
922,Ambur (AB),Chennai Central (MAS)
923,Gudiyattam (GYM),Bangalore Cant (BNC)
924,Katpadi Junction (KPD),Krishnarajapurm (KJM)
925,Mukundarayapurm (MCN),Whitefield (WFD)
926,Walajah Road Junction (WJR),Malur (MLO)
927,Bangalore Cant (BNC),Gudiyattam (GYM)
928,Krishnarajapurm (KJM),Katpadi Junction (KPD)
929,Whitefield (WFD),Mukundarayapurm (MCN)
930,Malur (MLO),Walajah Road Junction (WJR)
931,Bangarapet (BWT),Sholinghur (SHU)
932,Kuppam (KPN),Arakkonam (AJJ)
933,Jolarpettai (JTJ),Trivellore (TRL)
934,Vaniyambadi (VN),Perambur (PER)
935,Ambur (AB),Chennai Central (MAS)
936,Gudiyattam (GYM),Bangalore Cant (BNC)
937,Katpadi Junction (KPD),Krishnarajapurm (KJM)
938,Mukundarayapurm (MCN),Whitefield (WFD)
939,Walajah Road Junction (WJR),Malur (MLO)
940,Bangalore Cant (BNC),Gudiyattam (GYM)
941,Krishnarajapurm (KJM),Katpadi Junction (KPD)
942,Whitefield (WFD),Mukundarayapurm (MCN)
943,Malur (MLO),Walajah Road Junction (WJR)
944,Bangarapet (BWT),Sholinghur (SHU)
945,Kuppam (KPN),Arakkonam (AJJ)
946,Jolarpettai (JTJ),Trivellore (TRL)
947,Vaniyambadi (VN),Perambur (PER)
948,Ambur (AB),Chennai Central (MAS)
949,Gudiyattam (GYM),Bangalore Cant (BNC)
950,Katpadi Junction (KPD),Krishnarajapurm (KJM)
951,Mukundarayapurm (MCN),Whitefield (WFD)
952,Walajah Road Junction (WJR),Malur (MLO)
953,Bangalore Cant (BNC),Gudiyattam (GYM)
954,Krishnarajapurm (KJM),Katpadi Junction (KPD)
955,Whitefield (WFD),Mukundarayapurm (MCN)
956,Malur (MLO),Walajah Road Junction (WJR)
957,Bangarapet (BWT),Sholinghur (SHU)
958,Kuppam (KPN),Arakkonam (AJJ)
959,Jolarpettai (JTJ),Trivellore (TRL)
960,Vaniyambadi (VN),Perambur (PER)
961,Ambur (AB),Chennai Central (MAS)
962,Gudiyattam (GYM),Bangalore Cant (BNC)
963,Katpadi Junction (KPD),Krishnarajapurm (KJM)
964,Mukundarayapurm (MCN),Whitefield (WFD)
965,Walajah Road Junction (WJR),Malur (MLO)
966,Bangalore Cant (BNC),Gudiyattam (GYM)
967,Krishnarajapurm (KJM),Katpadi Junction (KPD)
968,Whitefield (WFD),Mukundarayapurm (MCN)
969,Malur (MLO),Walajah Road Junction (WJR)
970,Bangarapet (BWT),Sholinghur (SHU)
971,Kuppam (KPN),Arakkonam (AJJ)
972,Jolarpettai (JTJ),Trivellore (TRL)
973,Vaniyambadi (VN),Perambur (PER)
974,Ambur (AB),Chennai Central (MAS)
975,Gudiyattam (GYM),Bangalore Cant (BNC)
976,Katpadi Junction (KPD),Krishnarajapurm (KJM)
977,Mukundarayapurm (MCN),Whitefield (WFD)
978,Walajah Road Junction (WJR),Malur (MLO)
979,Bangalore Cant (BNC),Gudiyattam (GYM)
980,Krishnarajapurm (KJM),Katpadi Junction (KPD)
981,Whitefield (WFD),Mukundarayapurm (MCN)
982,Malur (MLO),Walajah Road Junction (WJR)
983,Bangarapet (BWT),Sholinghur (SHU)
984,Kuppam (KPN),Arakkonam (AJJ)
985,Jolarpettai (JTJ),Trivellore (TRL)
986,Vaniyambadi (VN),Perambur (PER)
987,Ambur (AB),Chennai Central (MAS)
988,Gudiyattam (GYM),Bangalore Cant (BNC)
989,Katpadi Junction (KPD),Krishnarajapurm (KJM)
990,Mukundarayapurm (MCN),Whitefield (WFD)
991,Walajah Road Junction (WJR),Malur (MLO)
992,Bangalore Cant (BNC),Gudiyattam (GYM)
993,Krishnarajapurm (KJM),Katpadi Junction (KPD)
994,Whitefield (WFD),Mukundarayapurm (MCN)
995,Malur (MLO),Walajah Road Junction (WJR)
996,Bangarapet (BWT),Sholinghur (SHU)
997,Kuppam (KPN),Arakkonam (AJJ)
998,Jolarpettai (JTJ),Trivellore (TRL)
999,Vaniyambadi (VN),Perambur (PER)
1000,Ambur (AB),Chennai Central (MAS)